Country,Difference (Minutes)
Romania,-32
Mexico,-30
Turkey,-27
Poland,-25
Philippines,-22
Argentina,-20
Brazil,-19
Colombia,-18
Canada,-17
South Africa,-14
Greece,-12
Saudi Arabia,-11
Singapore,-10
Thailand,-8
Hong Kong,-7
Portugal,-7
Italy,-6
Switzerland,-6
Belgium,-5
Vietnam,-5
Chile,-5
France,-4
Indonesia,-4
Spain,-3
South Korea,-2
Taiwan,-1
Czechia,1
Netherlands,3
Worldwide,3
United States of America,4
Sweden,5
China,8
Austria,9
Denmark,10
Germany,10
Japan,11
Malaysia,11
Israel,12
Egypt,14
Ireland,14
United Kingdom,15
New Zealand,17
India,22
Australia,23
Russia,24
United Arab Emirates,42